CustomerID,Age,Gender,AnnualIncome,PurchaseFrequency,AverageBasketSize,Region,LastPurchaseDate,TotalSpend,Recency,Cluster
CUST0001,27,Female,26429,0.3979929218371491,66.17,South,2024-02-26,-0.8117187690958019,0.7936028153024857,3
CUST0002,54,Female,50777,0.11310178236889641,494.31,South,2024-01-15,1.2771559755191841,1.1992018593617764,3
CUST0003,33,Female,126128,-0.3142349268334827,461.83,West,2024-05-22,0.5821830406629138,-0.03690951300939549,3
CUST0004,18,Female,88492,-1.5962450544406201,415.21,South,2023-12-11,-1.0336743012880647,1.5372010627445187,0
CUST0005,46,Female,103418,-1.0264627755041145,393.37,East,2024-06-29,-0.4371539112738571,-0.40388007668208714,2
CUST0006,43,Female,147076,-0.45668049656760906,482.12,East,2024-01-10,0.4748382807316364,1.2474874598450254,3
CUST0007,47,Male,62222,-1.168908345238241,263.48,West,2024-05-24,-0.7881253735045746,-0.05622375320269505,0
CUST0008,47,Male,146099,0.11310178236889641,76.05,West,2023-11-26,-0.8132181049733608,1.6820578641942654,0
CUST0009,26,Male,55446,-0.3142349268334827,242.03,North,2024-08-30,-0.2628272821253802,-1.0026215226743735,2
CUST0010,27,Male,68359,-0.17178935709935633,405.82,North,2024-05-17,0.5228708511270731,0.011376087473853415,3
CUST0011,18,Male,122192,1.1102207705077811,417.49,East,2024-11-19,2.0167399194092823,-1.7848482505030059,1
CUST0012,60,Female,76339,0.11310178236889641,447.73,North,2024-10-22,1.0443590915968806,-1.5144488877968119,2
CUST0013,58,Male,31844,1.1102207705077811,244.53,West,2024-03-17,0.6868674405242662,0.6004604133694901,3
CUST0014,54,Male,61975,-0.5991260663017355,487.34,West,2024-08-22,0.30554403790040197,-0.9253645619011753,2
CUST0015,34,Male,134532,0.3979929218371491,97.38,South,2024-02-05,-0.6317407970242187,0.996402337332131,3
CUST0016,54,Male,96681,-0.45668049656760906,256.06,West,2024-05-22,-0.3073306465321014,-0.03690951300939549,2
CUST0017,29,Male,90140,-0.7415716360358618,203.02,West,2024-03-01,-0.6469494450540207,0.7549743349158865,0
CUST0018,42,Male,48591,0.3979929218371491,446.27,West,2024-10-14,1.38019495036619,-1.4371919270236138,1
CUST0019,61,Male,40621,-1.4537994847064937,462.1,South,2024-11-18,-0.8379955914627628,-1.775191130406356,2
CUST0020,51,Female,120501,-0.8840172057699882,148.57,North,2024-03-11,-0.8505977017361932,0.6584031339493888,0
CUST0021,26,Male,96459,-1.168908345238241,276.43,South,2024-05-06,-0.7682111174898186,0.117604408537001,0
CUST0022,54,Male,23056,-0.45668049656760906,178.41,South,2024-09-02,-0.5760001024377425,-1.0315928829643228,2
CUST0023,32,Male,109711,-0.3142349268334827,404.73,West,2024-03-20,0.3626648903844261,0.5714890530795407,3
CUST0024,31,Female,102769,-0.45668049656760906,303.02,South,2024-10-15,-0.14484877081633957,-1.4468490471202635,2
CUST0025,23,Male,23550,-1.3113539149723672,308.27,East,2024-03-21,-0.8377610799537087,0.5618319329828909,0
CUST0026,31,Female,149897,-0.17178935709935633,174.96,North,2024-02-28,-0.45341209441795033,0.774288575109186,0
CUST0027,43,Male,60131,-1.4537994847064937,276.28,West,2024-10-01,-0.9808707672412167,-1.3116493657671666,2
CUST0028,31,Male,138731,0.11310178236889641,444.23,West,2024-11-17,1.0268668396920273,-1.7655340103097061,2
CUST0029,46,Male,85322,-0.5991260663017355,370.93,South,2024-06-02,-0.05248199185677828,-0.14313783407254307,2
CUST0030,40,Male,29524,0.3979929218371491,303.92,South,2024-10-24,0.5593085574027211,-1.5337631279901114,2
CUST0031,48,Female,60152,1.1102207705077811,208.65,East,2024-01-06,0.4109896390534381,1.2861159402316245,3
CUST0032,48,Female,53450,0.3979929218371491,149.82,South,2024-05-30,-0.32933628387350344,-0.11416647378259373,3
CUST0033,43,Male,124260,0.11310178236889641,485.37,West,2024-06-10,1.2324757663679309,-0.22039479484574132,1
CUST0034,30,Female,137093,-0.5991260663017355,451.72,West,2024-03-25,0.19599256311343569,0.5232034525962918,0
CUST0035,19,Male,142233,-0.5991260663017355,423.75,North,2024-05-26,0.10996912825123877,-0.07553799339599461,2
CUST0036,49,Female,140964,-1.3113539149723672,198.68,East,2024-04-15,-0.9641550944319195,0.3204039305666464,0
CUST0037,54,Female,23414,-0.17178935709935633,251.6,West,2024-07-12,-0.12930950000328092,-0.5294226379385343,2
CUST0038,45,Female,97363,0.3979929218371491,299.36,North,2024-07-27,0.5330125127809195,-0.674279439388281,2
CUST0039,36,Male,56766,0.25554735210302276,78.43,South,2024-01-02,-0.7711713447352554,1.3247444206182235,3
CUST0040,47,Female,65109,-0.5991260663017355,189.89,South,2024-02-24,-0.6092815144685809,0.8129170554957852,0
CUST0041,31,Male,78783,-1.0264627755041145,108.8,North,2023-12-01,-0.9841616172699099,1.6337722637110166,0
CUST0042,40,Female,110318,0.8253296310395283,433.28,South,2024-10-29,1.8050029378902286,-1.5820487284733604,1
CUST0043,41,Female,93031,-1.5962450544406201,190.16,East,2024-05-15,-1.1201936703251465,0.030690327667152975,0
CUST0044,48,Male,117665,1.6800030494442866,100.02,East,2024-01-24,-0.27044698394415373,1.1122877784919285,3
CUST0045,29,Female,137997,1.1102207705077811,490.84,South,2024-10-24,2.580720876429495,-1.5337631279901114,1
CUST0046,46,Male,114734,1.6800030494442866,270.54,East,2024-11-13,1.302886885848675,-1.726905529923107,1
CUST0047,28,Male,108809,-1.168908345238241,389.07,West,2024-10-01,-0.5949955346711227,-1.3116493657671666,2
CUST0048,42,Male,124135,-0.5991260663017355,178.5,West,2024-02-08,-0.6443121516899045,0.9674309770421817,0
CUST0049,27,Female,53837,0.9677752007736546,458.74,West,2024-04-10,2.1575467805668986,0.3686895310498953,1
CUST0050,33,Male,102363,-1.0264627755041145,449.02,East,2024-09-09,-0.33018206308648546,-1.0991927236408714,2
CUST0051,36,Female,76702,1.2526663402419074,499.64,South,2024-04-24,2.8404673616381775,0.23348984969679837,1
CUST0052,34,Female,139218,-1.168908345238241,190.74,North,2024-03-27,-0.8999835188724008,0.5038892124029922,0
CUST0053,25,Female,145044,1.53755747971016,90.84,North,2024-07-13,-0.3900709202675411,-0.539079758035184,3
CUST0054,42,Female,45206,0.8253296310395283,257.05,South,2024-04-13,0.5854892684954792,0.339718170759946,3
CUST0055,29,Female,71510,1.6800030494442866,87.17,East,2023-12-31,-0.3890098518003457,1.344058660811523,3
CUST0056,35,Male,131096,-0.3142349268334827,86.69,West,2024-06-08,-0.8600242955099735,-0.20108055465244176,2
CUST0057,64,Male,28485,0.8253296310395283,71.09,West,2024-03-29,-0.7013561151545665,0.48457497220969264,3
CUST0058,25,Female,116771,1.3951119099760338,74.4,South,2024-04-03,-0.5640400154759847,0.4362893717264438,3
CUST0059,29,Female,116449,-0.8840172057699882,323.88,South,2024-07-03,-0.44621528220566786,-0.44250855706868625,2
CUST0060,46,Female,105268,1.3951119099760338,270.54,East,2023-12-17,1.0948713328667414,1.4792583421646202,3
CUST0061,51,Female,107050,-0.7415716360358618,114.15,South,2024-07-20,-0.8861088953285293,-0.6066795987117325,2
CUST0062,38,Male,86622,0.3979929218371491,419.9,North,2024-06-25,1.22812769232301,-0.36525159629548803,1
CUST0063,50,Female,76931,-1.4537994847064937,400.46,South,2024-07-02,-0.8853899829974947,-0.4328514369720365,2
CUST0064,42,Male,94806,-0.5991260663017355,491.65,West,2024-08-17,0.31879970483840947,-0.8770789614179264,2
CUST0065,62,Male,124211,-0.3142349268334827,272.08,South,2024-10-02,-0.14730153053398698,-1.3213064858638164,2
CUST0066,23,Male,136098,-1.4537994847064937,428.28,East,2023-12-01,-0.8639994578109885,1.6337722637110166,0
CUST0067,22,Male,139443,-0.7415716360358618,151.56,East,2024-01-25,-0.7854342578269049,1.1026306583952785,0
CUST0068,25,Female,111871,-1.5962450544406201,76.93,East,2024-01-01,-1.1637243886369384,1.3344015407148733,0
CUST0069,42,Male,132069,-1.3113539149723672,150.46,South,2024-01-22,-1.0197689221364483,1.131602018685228,0
CUST0070,42,Male,53256,-1.3113539149723672,23.51,West,2024-07-11,-1.166184837256522,-0.5197655178418845,2
CUST0071,62,Male,131859,1.53755747971016,34.91,East,2024-03-31,-0.8846172483529068,0.4652607320163931,3
CUST0072,52,Male,135273,-0.45668049656760906,372.0,South,2024-01-16,0.0938224341852204,1.1895447392651266,0
CUST0073,58,Female,99971,1.3951119099760338,330.63,North,2024-02-24,1.6031000619475733,0.8129170554957852,1
CUST0074,33,Female,73498,-0.5991260663017355,276.38,West,2024-11-04,-0.34327626308383274,-1.639991449053259,2
CUST0075,31,Male,66196,0.8253296310395283,158.58,East,2024-07-19,-0.09592428779630385,-0.5970224786150827,3
CUST0076,42,Male,22015,-0.5991260663017355,492.97,North,2024-01-20,0.3228594450607228,1.1509162588785276,0
CUST0077,33,Male,21537,-1.4537994847064937,164.89,East,2024-02-10,-1.0665174459085398,0.9481167368488821,0
CUST0078,24,Female,66429,0.8253296310395283,308.33,West,2024-05-27,0.9403474706549455,-0.08519511349264439,1
CUST0079,39,Female,33070,-1.4537994847064937,382.04,South,2024-09-01,-0.8995529403639737,-1.021935762867673,2
CUST0080,60,Female,63997,0.9677752007736546,250.67,East,2024-10-03,0.6377084459951762,-1.3309636059604661,1
CUST0081,40,Female,57774,1.3951119099760338,300.55,West,2024-03-24,1.3486896746826138,0.5328605726929415,1
CUST0082,29,Male,26880,-0.029343787365229964,236.16,West,2024-09-21,-0.10381310118284424,-1.2150781648006688,2
CUST0083,30,Female,125480,-1.4537994847064937,85.5,South,2024-06-05,-1.1275596383800253,-0.17210919436249242,0
CUST0084,46,Male,92946,-0.45668049656760906,406.12,East,2024-10-13,0.21187783451362316,-1.427534806926964,2
CUST0085,50,Male,24184,0.9677752007736546,26.91,East,2024-10-30,-0.9967368163865638,-1.5917058485700102,2
CUST0086,33,Female,47582,-0.8840172057699882,125.18,South,2024-11-02,-0.9045507266225032,-1.6206772088599595,2
CUST0087,62,Male,69796,-0.029343787365229964,314.62,West,2024-08-14,0.2581496463656701,-0.848107601127977,2
CUST0088,58,Female,146420,-0.45668049656760906,484.31,South,2024-07-16,0.4824156935897608,-0.5680511183251334,2
CUST0089,60,Female,42921,-0.3142349268334827,456.53,West,2023-11-29,0.5618074505319859,1.653086503904316,3
CUST0090,63,Male,110699,-0.7415716360358618,463.32,West,2023-12-09,0.053547965843408825,1.5565153029378183,0
CUST0091,61,Male,22042,1.1102207705077811,335.37,North,2024-03-13,1.3853272924086029,0.6390888937560891,1
CUST0092,51,Female,127725,-0.3142349268334827,110.26,East,2024-03-21,-0.7694105861918658,0.5618319329828909,0
CUST0093,63,Male,147262,-0.029343787365229964,441.03,North,2024-04-06,0.8413221026186358,0.40731801143649443,3
CUST0094,58,Female,63257,-1.168908345238241,407.47,West,2024-06-05,-0.5667003755459096,-0.17210919436249242,0
CUST0095,43,Female,136402,0.3979929218371491,338.0,West,2024-04-13,0.755836890891973,0.339718170759946,3
CUST0096,27,Male,26397,0.9677752007736546,480.09,East,2024-10-07,2.3134969340878593,-1.3695920863470652,1
CUST0097,55,Female,46926,0.6828840613054019,34.26,East,2024-10-31,-0.9693912366504711,-1.60136296866666,2
CUST0098,18,Female,37487,-0.5991260663017355,197.55,South,2024-04-01,-0.5857227189360664,0.4556036119197433,0
CUST0099,36,Female,108474,1.1102207705077811,462.71,South,2024-05-31,2.3644320649642117,-0.12382359387924351,1
CUST0100,41,Male,147963,-1.168908345238241,447.16,West,2024-02-24,-0.5056658719763601,0.8129170554957852,0
CUST0101,21,Female,78103,0.25554735210302276,423.87,East,2024-04-15,1.0880666546532052,0.3204039305666464,1
CUST0102,47,Male,50278,-1.5962450544406201,81.76,South,2024-05-11,-1.1618675188193461,0.0693188080537521,0
CUST0103,34,Male,145838,0.3979929218371491,356.2,West,2023-12-12,0.8607904023210924,1.527543942647869,3
CUST0104,38,Female,149927,-1.0264627755041145,407.21,North,2024-03-31,-0.4105503105746078,0.4652607320163931,0
CUST0105,36,Female,72407,-1.3113539149723672,34.02,East,2023-12-12,-1.154063283354104,1.527543942647869,0
CUST0106,32,Female,140827,1.1102207705077811,172.29,West,2024-09-16,0.13142116465323467,-1.1667925643174197,2
CUST0107,33,Male,95916,-0.7415716360358618,386.87,East,2024-05-24,-0.1521878277144416,-0.05622375320269505,2
CUST0108,35,Male,55795,0.5404384915712755,258.16,South,2024-03-30,0.39467378914482354,0.4749178521130429,3
CUST0109,43,Female,138934,-0.7415716360358618,361.84,North,2024-04-26,-0.21954645312651486,0.21417560950349881,0
CUST0110,64,Female,127244,-1.0264627755041145,358.54,South,2023-12-10,-0.5041050248833118,1.5468581828411685,0
CUST0111,60,Male,24311,1.6800030494442866,273.12,West,2023-11-30,1.3266917262431477,1.6434293838076663,3
CUST0112,35,Female,115333,-1.0264627755041145,494.48,West,2024-09-09,-0.2427976925815813,-1.0991927236408714,2
CUST0113,50,Male,71607,-0.3142349268334827,353.03,North,2024-08-26,0.16390677533367634,-0.9639930422877744,2
CUST0114,35,Male,145615,-0.029343787365229964,363.44,South,2024-10-07,0.48337296188081746,-1.3695920863470652,2
CUST0115,59,Female,109593,0.3979929218371491,78.27,East,2024-08-30,-0.741941984024794,-1.0026215226743735,2
CUST0116,34,Female,68762,0.8253296310395283,408.98,East,2023-12-23,1.6368466525455518,1.4213156215847214,1
CUST0117,59,Female,134886,0.6828840613054019,98.1,North,2024-01-16,-0.5521606619845568,1.1895447392651266,3
CUST0118,44,Female,120829,-1.0264627755041145,342.59,West,2024-08-20,-0.5347645213539061,-0.9060503217078757,2
CUST0119,30,Female,31399,1.3951119099760338,475.02,South,2024-02-24,2.824320667572159,0.8129170554957852,1
CUST0120,48,Male,37467,1.6800030494442866,221.6,North,2024-08-24,0.8513330529395672,-0.9446788020944749,1
CUST0121,35,Female,22203,0.11310178236889641,182.19,North,2024-07-06,-0.28275307149304063,-0.4714799173586356,2
CUST0122,35,Female,40389,-0.17178935709935633,149.45,West,2024-08-24,-0.5612912330337934,-0.9446788020944749,2
CUST0123,34,Female,27820,-0.17178935709935633,194.73,North,2024-09-19,-0.36980681921468805,-1.1957639246073692,2
CUST0124,18,Male,62660,-1.5962450544406201,457.27,West,2024-03-09,-1.0175045405162377,0.6777173741426883,0
CUST0125,49,Male,98378,0.5404384915712755,69.79,South,2024-02-14,-0.7640129770326538,0.909488256462283,3
CUST0126,55,Male,62793,0.5404384915712755,494.32,East,2024-05-01,1.847322654147069,0.16589000902024992,1
CUST0127,27,Female,50137,-0.7415716360358618,490.27,East,2024-02-25,0.12607353335660798,0.8032599353991354,0
CUST0128,18,Female,90553,0.6828840613054019,465.47,South,2023-12-21,1.8488104566717236,1.4406298617780209,1
CUST0129,56,Male,116540,-0.8840172057699882,159.46,West,2024-05-14,-0.8254780591106303,0.04034744776380276,0
CUST0130,40,Male,137855,-1.3113539149723672,257.71,South,2024-07-09,-0.8960737122378435,-0.500451277648585,2
CUST0131,50,Male,36783,-1.168908345238241,300.36,East,2023-12-07,-0.7314120328231691,1.5758295431311178,0
CUST0132,20,Female,120588,0.25554735210302276,62.63,North,2024-07-10,-0.8562106001496186,-0.5101083977452348,2
CUST0133,21,Male,108321,0.9677752007736546,187.17,South,2024-08-22,0.17387543669395858,-0.9253645619011753,2
CUST0134,49,Female,111801,0.5404384915712755,128.26,East,2024-05-20,-0.40435690006499936,-0.017595272816095926,3
CUST0135,53,Male,33547,0.5404384915712755,408.06,North,2024-03-20,1.3167269093338336,0.5714890530795407,1
CUST0136,45,Male,42687,0.25554735210302276,81.63,South,2024-10-31,-0.7539482043981691,-1.60136296866666,2
CUST0137,36,Male,125038,-0.029343787365229964,221.99,North,2024-05-12,-0.16918414544441,0.05966168795710232,3
CUST0138,31,Male,98469,0.11310178236889641,105.92,North,2024-10-06,-0.6639342294310848,-1.3599349662504154,2
CUST0139,61,Female,148526,-1.0264627755041145,242.32,East,2024-01-03,-0.7275060706395801,1.3150873005215737,0
CUST0140,47,Male,80398,1.1102207705077811,394.68,West,2024-03-18,1.8413560662445787,0.5908032932728402,1
CUST0141,63,Female,146579,1.1102207705077811,456.71,North,2024-04-04,2.3182986533470165,0.42663225162979396,1
CUST0142,29,Male,63300,1.6800030494442866,366.12,East,2023-11-26,2.18477318232298,1.6820578641942654,1
CUST0143,40,Male,35839,-0.7415716360358618,333.5,South,2023-12-15,-0.29581267143167495,1.4985725823579197,0
CUST0144,55,Male,36218,0.11310178236889641,310.07,North,2024-05-23,0.35636383524771076,-0.046566633106045266,3
CUST0145,29,Male,114099,1.53755747971016,91.37,West,2023-12-15,-0.38538453453742766,1.4985725823579197,3
CUST0146,39,Female,126442,0.9677752007736546,310.41,South,2024-10-01,1.0740766975802905,-1.3116493657671666,1
CUST0147,51,Female,140096,-0.3142349268334827,157.86,South,2024-10-11,-0.5864147201103244,-1.4082205667336642,2
CUST0148,49,Male,43540,0.11310178236889641,445.03,East,2024-04-26,1.030865068698851,0.21417560950349881,3
CUST0149,61,Female,116542,-1.4537994847064937,136.15,West,2024-06-23,-1.0886153500731761,-0.34593735610218845,0
CUST0150,42,Female,89114,0.8253296310395283,117.95,North,2023-11-28,-0.3770843648973007,1.6627436240009659,3
CUST0151,50,Male,31922,-0.029343787365229964,319.57,West,2024-09-16,0.2809856851161818,-1.1667925643174197,2
CUST0152,55,Female,134928,0.25554735210302276,127.69,West,2024-05-20,-0.5060426281712339,-0.017595272816095926,3
CUST0153,27,Female,116805,-1.168908345238241,247.1,West,2024-06-04,-0.8133142162475633,-0.16245207426584263,0
CUST0154,58,Male,22841,1.1102207705077811,377.49,West,2024-06-01,1.7091838419613141,-0.13348071397589328,1
CUST0155,55,Female,131965,-1.5962450544406201,194.45,North,2024-01-22,-1.1185444008598318,1.131602018685228,0
CUST0156,61,Female,113446,1.2526663402419074,368.47,North,2024-03-30,1.7814864313183634,0.4749178521130429,1
CUST0157,61,Male,126260,1.6800030494442866,27.61,West,2024-07-06,-0.9385510509843762,-0.4714799173586356,3
CUST0158,44,Female,123935,-0.5991260663017355,259.62,West,2024-09-09,-0.39482266166411223,-1.0991927236408714,2
CUST0159,25,Female,22338,-1.0264627755041145,413.52,East,2024-02-03,-0.39842106777025355,1.0157165775254307,0
CUST0160,26,Male,25015,0.6828840613054019,351.39,South,2023-12-28,1.103233013722358,1.3730300211014725,3
CUST0161,39,Female,83932,0.9677752007736546,34.56,South,2024-07-14,-0.940857721565236,-0.5487368781318338,3
CUST0162,26,Male,116123,1.53755747971016,36.41,South,2024-04-20,-0.8713538925129631,0.2721183300833975,3
CUST0163,46,Male,126607,-0.5991260663017355,382.85,South,2024-09-06,-0.01582130742498036,-1.070221363350922,2
CUST0164,63,Female,73757,1.2526663402419074,118.3,North,2024-02-24,-0.23822279592954274,0.8129170554957852,3
CUST0165,48,Female,62654,0.6828840613054019,136.53,East,2024-08-11,-0.30099883578764125,-0.8191362408380277,2
CUST0166,43,Female,55567,-0.5991260663017355,440.49,West,2024-05-12,0.16145401561602876,0.05966168795710232,2
CUST0167,43,Male,41753,1.3951119099760338,434.65,West,2024-03-11,2.48287959929136,0.6584031339493888,1
CUST0168,32,Male,61976,1.1102207705077811,150.86,North,2024-02-28,-0.03335200383951471,0.774288575109186,3
CUST0169,35,Female,124617,-0.3142349268334827,284.94,East,2024-10-05,-0.09786189108422605,-1.3502778461537657,2
CUST0170,39,Male,55223,0.5404384915712755,465.86,East,2024-03-08,1.6722617348636855,0.687374494239338,1
CUST0171,31,Male,82761,0.5404384915712755,169.39,South,2024-09-14,-0.15136127075630032,-1.1474783241241202,2
CUST0172,59,Male,135104,-0.3142349268334827,117.4,North,2024-04-30,-0.7419612062796346,0.17554712911689968,0
CUST0173,51,Male,86543,-0.7415716360358618,465.18,North,2024-05-25,0.05855344100387468,-0.06588087329934483,2
CUST0174,22,Male,50860,0.6828840613054019,204.97,South,2024-04-21,0.1462953454488119,0.2624612099867477,3
CUST0175,41,Male,78703,1.1102207705077811,481.18,South,2024-09-04,2.506446083725811,-1.0509071231576224,1
CUST0176,48,Female,140095,1.3951119099760338,279.27,North,2024-02-28,1.1687078581600623,0.774288575109186,1
CUST0177,46,Male,68628,0.6828840613054019,184.2,West,2023-12-22,0.010551626216182922,1.4309727416813711,3
CUST0178,57,Female,93208,-0.3142349268334827,124.76,South,2024-10-04,-0.7136660471544214,-1.340620726057116,2
CUST0179,45,Male,60167,1.2526663402419074,263.39,South,2024-05-16,0.9331391250897587,0.021033207570503195,1
CUST0180,57,Male,93273,1.3951119099760338,307.43,East,2024-11-17,1.4068792845357694,-1.7655340103097061,1
CUST0181,27,Male,32210,-1.4537994847064937,350.85,East,2024-07-13,-0.9235346255029792,-0.539079758035184,2
CUST0182,25,Female,136698,0.5404384915712755,40.46,East,2024-02-13,-0.9444253720636323,0.9191453765589328,3
CUST0183,40,Female,98215,-0.7415716360358618,26.01,South,2023-12-06,-1.123303831158339,1.5854866632277675,0
CUST0184,50,Male,129079,-1.0264627755041145,266.05,North,2024-10-19,-0.6818916599030781,-1.4854775275068626,2
CUST0185,21,Female,52212,1.53755747971016,477.39,East,2024-08-01,3.0278958796859374,-0.7225650398715299,1
CUST0186,27,Male,133161,-1.4537994847064937,184.29,South,2024-06-02,-1.0516009761523133,-0.14313783407254307,0
CUST0187,30,Female,36466,0.9677752007736546,279.69,West,2024-02-12,0.8496837834742524,0.9288024966555826,3
CUST0188,22,Female,54584,1.6800030494442866,107.82,North,2024-05-01,-0.1984788618213291,0.16589000902024992,3
CUST0189,48,Male,61900,-1.4537994847064937,348.81,South,2024-11-11,-0.9251031614979637,-1.7075912897298076,2
CUST0190,24,Male,110472,-1.168908345238241,300.95,East,2024-06-11,-0.7305047423946978,-0.2300519149423911,0
CUST0191,64,Female,38874,0.9677752007736546,234.4,East,2024-09-17,0.5188649332183133,-1.1764496844140695,1
CUST0192,28,Male,117883,-0.45668049656760906,117.17,North,2024-02-28,-0.7878908619955206,0.774288575109186,0
CUST0193,48,Female,29818,-0.3142349268334827,324.08,West,2024-11-17,0.05260991980719268,-1.7655340103097061,2
CUST0194,27,Male,116088,1.6800030494442866,442.81,West,2024-03-05,2.892367449707522,0.7163458545292875,1
CUST0195,20,Male,137025,0.25554735210302276,171.87,West,2024-01-29,-0.268255646892337,1.0640021780086795,3
CUST0196,19,Male,31642,0.8253296310395283,151.7,West,2024-05-24,-0.14353396858524947,-0.05622375320269505,3
CUST0197,56,Male,70696,-1.5962450544406201,482.18,West,2024-04-01,-1.0079280131547017,0.4556036119197433,0
CUST0198,60,Male,51563,0.3979929218371491,52.27,South,2024-02-20,-0.8918755717806787,0.8515455358823844,3
CUST0199,31,Male,61818,-0.45668049656760906,31.73,South,2024-03-16,-1.083513763638508,0.6101175334661398,0
CUST0200,29,Female,124369,-0.8840172057699882,101.13,North,2024-07-05,-0.9600261540921806,-0.46182279726198583,2
CUST0201,23,Male,101092,0.6828840613054019,175.88,West,2024-02-12,-0.04382428827661797,0.9288024966555826,3
CUST0202,47,Male,67523,-0.45668049656760906,239.98,North,2024-05-03,-0.3629675409424388,0.14657576882695034,0
CUST0203,38,Male,80853,0.6828840613054019,103.1,East,2024-09-23,-0.5194828287557102,-1.2343924049939683,2
CUST0204,60,Male,108853,-1.5962450544406201,181.63,West,2024-05-02,-1.1234729870009355,0.15623288892360013,0
CUST0205,52,Female,43340,-0.7415716360358618,316.59,North,2024-07-12,-0.34131943754106997,-0.5294226379385343,2
CUST0206,58,Female,99245,1.1102207705077811,259.43,North,2024-03-21,0.8014320793736346,0.5618319329828909,3
CUST0207,64,Female,102779,0.9677752007736546,166.69,West,2024-08-26,0.024280160623266638,-0.9639930422877744,2
CUST0208,50,Female,82412,1.1102207705077811,307.51,North,2024-03-27,1.1711144844660928,0.5038892124029922,1
CUST0209,48,Female,78594,1.53755747971016,40.06,North,2024-10-21,-0.8390797266357668,-1.504791767700162,2
CUST0210,40,Female,116239,-0.029343787365229964,291.98,West,2024-01-04,0.15370360246434,1.305430180424924,3
CUST0211,23,Female,116170,1.1102207705077811,244.18,South,2024-11-15,0.6841763248465965,-1.7462197701164066,1
CUST0212,63,Female,132731,-1.5962450544406201,148.18,East,2024-01-30,-1.1363326754892287,1.0543450579120297,0
CUST0213,36,Female,136735,-0.3142349268334827,155.93,East,2024-05-06,-0.5938345104787566,0.117604408537001,0
CUST0214,62,Female,120726,-0.029343787365229964,310.97,East,2024-09-20,0.24131095112539375,-1.205421044704019,2
CUST0215,19,Female,39561,1.53755747971016,147.67,North,2024-09-02,0.11243342132179056,-1.0315928829643228,1
CUST0216,61,Male,63246,1.2526663402419074,142.55,West,2024-05-31,-0.042444130379070154,-0.12382359387924351,3
CUST0217,31,Male,141172,-1.5962450544406201,39.96,West,2024-10-12,-1.1779373238660025,-1.417877686830314,2
CUST0218,36,Male,66164,0.3979929218371491,33.59,West,2024-04-30,-0.9995970879068299,0.17554712911689968,3
CUST0219,45,Male,67792,0.6828840613054019,298.79,South,2024-03-31,0.7594622081548911,0.4652607320163931,3
CUST0220,37,Male,105198,0.6828840613054019,207.5,South,2023-12-20,0.1628303290626084,1.4502869818746706,3
CUST0221,55,Male,22424,-0.45668049656760906,72.57,South,2024-08-16,-0.9422071238550388,-0.8674218413212766,2
CUST0222,25,Male,71436,0.6828840613054019,64.57,South,2024-06-03,-0.7712982116172026,-0.15279495416919286,3
CUST0223,42,Female,38668,1.3951119099760338,318.07,South,2023-12-14,1.496870192797045,1.5082297024545694,1
CUST0224,57,Male,83049,0.9677752007736546,249.56,East,2024-04-06,0.6296004989034544,0.40731801143649443,3
CUST0225,33,Male,98954,1.1102207705077811,376.73,West,2024-02-29,1.7033402764898027,0.7646314550125363,1
CUST0226,24,Male,139330,-1.0264627755041145,170.2,South,2024-03-20,-0.8661369725492519,0.5714890530795407,0
CUST0227,62,Male,28187,0.11310178236889641,460.58,South,2024-08-10,1.1085806450189846,-0.809479120741378,1
CUST0228,27,Female,21279,-0.17178935709935633,54.44,West,2024-07-18,-0.9630786481608515,-0.587365358518433,2
CUST0229,18,Male,56296,1.1102207705077811,396.68,West,2024-11-14,1.856733870116977,-1.7365626500197568,1
CUST0230,62,Male,134539,-1.3113539149723672,486.94,East,2023-11-24,-0.6316946636126016,1.701372104387565,0
CUST0231,22,Male,21165,-1.5962450544406201,262.26,West,2023-12-28,-1.092475178845148,1.3730300211014725,0
CUST0232,32,Male,21237,0.6828840613054019,39.41,North,2024-04-01,-0.935733068424759,0.4556036119197433,3
CUST0233,63,Female,143016,-1.4537994847064937,257.67,West,2024-03-12,-0.9951798137444833,0.6487460138527389,0
CUST0234,22,Male,41005,0.6828840613054019,115.61,North,2023-12-15,-0.4377228900171358,1.4985725823579197,3
CUST0235,24,Male,55312,1.6800030494442866,139.37,South,2024-05-01,0.09262296548317338,0.16589000902024992,3
CUST0236,60,Male,69274,0.8253296310395283,256.51,East,2024-03-11,0.5817524621544866,0.6584031339493888,3
CUST0237,27,Female,148921,-0.17178935709935633,308.64,South,2024-02-08,0.11190673153916096,0.9674309770421817,3
CUST0238,62,Female,111351,1.53755747971016,218.4,North,2024-08-19,0.7378448603612668,-0.8963932016112259,1
CUST0239,54,Female,84314,0.9677752007736546,254.09,East,2024-08-06,0.6626896883858876,-0.7708506403547788,1
CUST0240,44,Male,133060,-0.3142349268334827,328.87,North,2024-03-02,0.07102483994438966,0.7453172148192367,3
CUST0241,56,Male,55488,-1.5962450544406201,383.98,South,2024-03-29,-1.0456805216614398,0.48457497220969264,0
CUST0242,38,Female,122323,1.3951119099760338,430.14,South,2024-07-16,2.444734956785876,-0.5680511183251334,1
CUST0243,27,Female,71847,-1.4537994847064937,445.61,East,2024-07-02,-0.8506745907555552,-0.4328514369720365,2
CUST0244,58,Female,36372,1.1102207705077811,183.62,East,2024-04-21,0.21853642359037176,0.2624612099867477,3
CUST0245,34,Female,84692,-0.029343787365229964,438.75,West,2024-10-15,0.8308036847699154,-1.4468490471202635,2
CUST0246,29,Female,43505,-1.5962450544406201,124.76,North,2024-04-28,-1.1453363796565177,0.19486136931019923,0
CUST0247,57,Male,109444,-0.029343787365229964,193.99,North,2024-09-24,-0.29835769797255685,-1.244049525090618,2
CUST0248,35,Male,148204,1.53755747971016,264.56,North,2024-08-22,1.1460025307424662,-0.9253645619011753,1
CUST0249,57,Female,129598,0.25554735210302276,171.91,West,2024-04-04,-0.26804035763812345,0.42663225162979396,3
CUST0250,51,Male,24212,-1.0264627755041145,490.84,North,2024-01-24,-0.2497945933435227,1.1122877784919285,0
CUST0251,29,Male,65132,-0.45668049656760906,456.79,East,2024-06-25,0.38719633201186954,-0.36525159629548803,2
CUST0252,32,Female,138082,-1.5962450544406201,298.45,East,2024-07-19,-1.078562110791596,-0.5970224786150827,2
CUST0253,60,Female,73200,0.5404384915712755,260.86,North,2024-09-28,0.4112818173270138,-1.282678005477217,2
CUST0254,33,Male,67642,-0.3142349268334827,275.64,East,2024-02-21,-0.1336152850875524,0.8418884157857346,0
CUST0255,39,Male,50321,0.11310178236889641,59.75,North,2024-04-12,-0.8946820209873915,0.34937529085659574,3
CUST0256,23,Male,102214,-1.4537994847064937,108.0,North,2023-12-15,-1.110259609023577,1.4985725823579197,0
CUST0257,31,Female,97509,1.6800030494442866,426.66,North,2024-07-11,2.743356530183981,-0.5197655178418845,1
CUST0258,58,Male,145708,-1.4537994847064937,111.63,East,2024-06-09,-1.1074685376207367,-0.21073767474909155,0
CUST0259,21,Female,42752,-1.3113539149723672,222.76,East,2024-03-16,-0.936382780638368,0.6101175334661398,0
CUST0260,49,Female,140130,-0.5991260663017355,90.1,East,2024-08-28,-0.9161917241539087,-0.983307282481074,2
CUST0261,30,Male,113405,-0.7415716360358618,476.25,North,2024-03-20,0.08834409155567848,0.5714890530795407,0
CUST0262,41,Female,93472,-0.7415716360358618,54.59,South,2024-09-15,-1.0463917450905382,-1.15713544422077,2
CUST0263,35,Male,23948,-0.5991260663017355,30.2,North,2024-03-25,-1.1004178145452421,0.5232034525962918,0
CUST0264,47,Female,27055,1.3951119099760338,44.14,East,2024-06-10,-0.8199728053243118,-0.22039479484574132,3
CUST0265,23,Female,47518,-0.029343787365229964,213.75,East,2024-03-06,-0.20719807661697895,0.7066887344326376,3
CUST0266,38,Female,24521,0.8253296310395283,29.45,North,2024-05-12,-0.9895054041155684,0.05966168795710232,3
CUST0267,23,Male,74660,0.25554735210302276,41.28,East,2023-12-28,-0.971121239586116,1.3730300211014725,3
CUST0268,62,Female,133715,0.5404384915712755,473.11,South,2024-04-10,1.7168573660936408,0.3686895310498953,1
CUST0269,24,Male,136472,-0.3142349268334827,49.73,East,2023-12-14,-1.002115203290935,1.5082297024545694,0
CUST0270,58,Male,28631,1.2526663402419074,337.65,East,2024-06-06,1.5326658757610203,-0.1817663144591422,1
CUST0271,34,Male,83014,-1.3113539149723672,322.04,South,2024-10-22,-0.8218796530044893,-1.5144488877968119,2
CUST0272,28,Female,117210,-0.7415716360358618,353.37,North,2024-01-11,-0.24234020291637742,1.2378303397483756,0
CUST0273,22,Male,20377,-0.8840172057699882,221.02,East,2024-08-10,-0.6834794181529034,-0.809479120741378,2
CUST0274,40,Female,123608,0.3979929218371491,493.38,East,2024-10-05,1.6518630780269488,-1.3502778461537657,1
CUST0275,37,Male,148173,1.53755747971016,163.87,West,2024-10-17,0.2556776643931821,-1.466163287313563,1
CUST0276,39,Male,54287,0.3979929218371491,133.63,South,2024-01-05,-0.4226987756338025,1.2957730603282742,3
CUST0277,27,Male,84792,-1.3113539149723672,426.35,North,2024-06-07,-0.7015752488597482,-0.19142343455579197,0
CUST0278,53,Male,147975,1.1102207705077811,231.2,East,2024-03-24,0.5843743777147304,0.5328605726929415,3
CUST0279,53,Male,63388,1.6800030494442866,330.01,South,2024-08-20,1.851597683623596,-0.9060503217078757,1
CUST0280,29,Female,148140,-0.3142349268334827,143.4,South,2024-10-17,-0.6420054811090447,-1.466163287313563,2
CUST0281,59,Male,55947,1.53755747971016,362.11,South,2024-08-05,2.008562772200135,-0.761193520258129,1
CUST0282,36,Male,62841,0.3979929218371491,134.76,North,2024-07-26,-0.41618243124287363,-0.6646223192916312,2
CUST0283,37,Female,67724,-0.17178935709935633,308.77,East,2024-04-24,0.11245648802759914,0.23348984969679837,3
CUST0284,59,Male,132695,-0.8840172057699882,463.76,North,2024-01-29,-0.12355820135500388,1.0640021780086795,0
CUST0285,35,Male,25135,-0.5991260663017355,249.29,West,2024-01-03,-0.42659320446448745,1.3150873005215737,0
CUST0286,28,Female,122441,-1.0264627755041145,191.97,West,2024-08-22,-0.8242901237614877,-0.9253645619011753,2
CUST0287,54,Male,100039,-0.5991260663017355,322.26,South,2023-12-30,-0.2021695347507047,1.353715780908173,0
CUST0288,18,Female,79299,-0.029343787365229964,194.66,North,2024-07-31,-0.29526675939420477,-0.7129079197748801,2
CUST0289,48,Male,95739,-0.3142349268334827,467.37,East,2024-07-05,0.6034812990261855,-0.46182279726198583,2
CUST0290,39,Male,138536,1.1102207705077811,422.92,East,2024-11-09,2.0584906569228445,-1.688277049536508,1
CUST0291,50,Female,100194,-0.45668049656760906,324.96,South,2024-10-09,-0.06893624200024467,-1.3889063265403647,2
CUST0292,60,Female,121101,1.53755747971016,154.27,North,2024-08-07,0.1707921870175427,-0.7805077604514286,1
CUST0293,58,Female,61861,0.9677752007736546,202.23,East,2024-02-16,0.2838805566951607,0.8901740162689834,3
CUST0294,35,Male,25272,-1.168908345238241,152.56,East,2024-08-16,-0.9586959740572182,-0.8674218413212766,2
CUST0295,31,Female,75079,-0.029343787365229964,136.13,East,2023-12-18,-0.5652856175896489,1.4696012220679704,0
CUST0296,21,Female,31284,-0.8840172057699882,112.13,South,2024-10-24,-0.9346527777027233,-1.5337631279901114,2
CUST0297,49,Male,67081,-0.3142349268334827,458.71,West,2024-11-13,0.570188353642443,-1.726905529923107,2
CUST0298,50,Female,97173,-1.4537994847064937,492.87,North,2024-07-15,-0.8143368402050778,-0.5583939982284837,2
CUST0299,50,Female,50111,0.3979929218371491,290.52,North,2024-05-11,0.482035092943919,0.0693188080537521,3
CUST0300,56,Female,119163,-0.8840172057699882,286.01,South,2024-10-08,-0.5335688971028272,-1.379249206443715,2
CUST0301,55,Male,75440,0.25554735210302276,495.56,East,2024-08-12,1.4739188205174905,-0.8287933609346775,1
CUST0302,33,Male,74950,-1.4537994847064937,492.98,West,2024-09-27,-0.8142522622837796,-1.2730208853805673,2
CUST0303,57,Female,119739,0.8253296310395283,441.69,East,2024-11-08,1.8632002366453206,-1.6786199294398583,1
CUST0304,38,Male,84604,0.25554735210302276,342.01,South,2023-12-28,0.6474771959051175,1.3730300211014725,3
CUST0305,49,Male,74739,-0.3142349268334827,444.84,West,2024-08-08,0.5168658187149012,-0.7901648805480784,2
CUST0306,43,Female,83284,0.11310178236889641,264.19,West,2024-02-17,0.12706540170637765,0.8805168961723336,3
CUST0307,18,Female,88257,-0.029343787365229964,348.51,South,2024-02-22,0.41449577833634493,0.8322312956890847,3
CUST0308,50,Female,142496,0.6828840613054019,431.88,South,2024-05-04,1.6292807730403318,0.13691864873030057,1
CUST0309,43,Female,131033,-0.7415716360358618,444.49,North,2024-11-16,0.0028742576328879047,-1.7558768902130564,2
CUST0310,20,Female,120313,1.2526663402419074,69.82,West,2024-06-01,-0.6296186600898277,-0.13348071397589328,3
CUST0311,48,Female,82670,-1.4537994847064937,63.75,North,2023-12-30,-1.1442830000912585,1.353715780908173,0
CUST0312,35,Female,148718,-1.5962450544406201,213.15,North,2024-01-27,-1.1113552775494855,1.083316418201979,0
CUST0313,24,Male,134740,-0.17178935709935633,367.12,North,2024-01-11,0.3592125734150727,1.2378303397483756,3
CUST0314,40,Male,114914,-0.17178935709935633,109.86,South,2024-05-24,-0.7287132282435632,-0.05622375320269505,2
CUST0315,47,Female,70226,-1.5962450544406201,106.62,South,2023-12-28,-1.1523102137126506,1.3730300211014725,0
CUST0316,60,Male,49030,-0.7415716360358618,445.17,East,2024-05-30,0.0047042162937034025,-0.11416647378259373,2
CUST0317,25,Male,52026,1.6800030494442866,294.88,North,2024-10-06,1.5274643336011817,-1.3599349662504154,1
CUST0318,46,Female,53044,1.1102207705077811,161.52,North,2024-10-08,0.04861169080036905,-1.379249206443715,2
CUST0319,37,Male,69182,-0.7415716360358618,44.15,South,2024-04-13,-1.0744869927654102,0.339718170759946,0
CUST0320,18,Female,34636,-0.45668049656760906,237.59,North,2024-06-23,-0.3712369549748212,-0.34593735610218845,2
CUST0321,25,Male,62607,-0.17178935709935633,223.81,West,2024-04-22,-0.24683052164711788,0.25280408989009795,3
CUST0322,47,Female,90326,0.3979929218371491,432.54,West,2024-10-20,1.3010184826781788,-1.4951346476035123,1
CUST0323,60,Male,141531,-1.0264627755041145,90.51,South,2023-11-26,-1.0193191213731807,1.6820578641942654,0
CUST0324,41,Female,58855,1.53755747971016,193.84,West,2023-12-23,0.520679514075256,1.4213156215847214,3
CUST0325,34,Male,31695,1.3951119099760338,321.06,West,2024-10-05,1.522158991265204,-1.3502778461537657,1
CUST0326,20,Female,68832,0.9677752007736546,484.35,North,2024-07-02,2.3446139202236576,-0.4328514369720365,1
CUST0327,52,Female,110610,0.5404384915712755,154.5,East,2024-11-01,-0.2429514706203053,-1.6110200887633097,2
CUST0328,30,Female,74188,0.11310178236889641,330.1,North,2024-03-12,0.4564694940060566,0.6487460138527389,3
CUST0329,28,Female,72165,1.3951119099760338,228.54,South,2024-05-11,0.7396440634143375,0.0693188080537521,1
CUST0330,33,Female,28589,0.8253296310395283,193.19,South,2024-06-03,0.14357731861436557,-0.15279495416919286,3
CUST0331,50,Female,102177,-0.17178935709935633,234.58,West,2024-08-26,-0.2012853110280417,-0.9639930422877744,2
CUST0332,23,Female,55539,-0.7415716360358618,459.42,East,2024-02-01,0.043052614700497,1.0350308177187302,0
CUST0333,45,Female,139496,-1.5962450544406201,165.58,North,2023-11-30,-1.1296433308047353,1.6434293838076663,0
CUST0334,34,Female,30722,-1.0264627755041145,167.36,East,2023-12-12,-0.8715960929239532,1.527543942647869,0
CUST0335,23,Female,50645,0.3979929218371491,445.45,North,2023-11-30,1.3754662756754275,1.6434293838076663,3
CUST0336,37,Female,92004,0.9677752007736546,114.57,West,2024-04-08,-0.3564281298457015,0.38800377124319485,3
CUST0337,29,Female,72852,1.1102207705077811,485.39,North,2024-03-04,2.538816360877209,0.7260029746259372,1
CUST0338,60,Female,141173,0.8253296310395283,236.03,South,2024-09-13,0.44003062166646256,-1.1378212040274704,1
CUST0339,56,Male,64882,-0.17178935709935633,81.92,West,2024-03-24,-0.8468685842971367,0.5328605726929415,0
CUST0340,25,Female,25997,-0.5991260663017355,74.13,West,2024-06-27,-0.9653084297223494,-0.3845658364887876,2
CUST0341,42,Male,121891,-0.45668049656760906,415.24,North,2024-10-18,0.24343308805978472,-1.4758204074102128,2
CUST0342,50,Male,102596,-1.0264627755041145,38.81,South,2024-08-13,-1.1186981788985557,-0.8384504810313272,2
CUST0343,59,Male,141473,0.25554735210302276,220.42,North,2024-09-06,-0.0069483145906064905,-1.070221363350922,2
CUST0344,56,Female,85157,1.6800030494442866,23.53,West,2024-09-15,-0.9761959148640074,-1.15713544422077,2
CUST0345,64,Male,49226,-1.4537994847064937,144.11,South,2024-06-18,-1.0824949841319615,-0.2976517556189396,0
CUST0346,45,Female,31800,-0.5991260663017355,253.13,North,2024-06-08,-0.41478305109048547,-0.20108055465244176,2
CUST0347,63,Female,128239,1.6800030494442866,234.25,North,2024-09-27,0.9680505843310714,-1.2730208853805673,1
CUST0348,18,Male,56832,-1.5962450544406201,397.21,East,2024-01-22,-1.040594313030644,1.131602018685228,0
CUST0349,44,Female,23610,1.6800030494442866,330.46,South,2024-03-18,1.8557496906691435,0.5908032932728402,1
CUST0350,27,Male,28464,0.9677752007736546,283.77,East,2024-06-03,0.8794859673789608,-0.15279495416919286,1
CUST0351,45,Male,104516,0.6828840613054019,185.91,West,2024-03-13,0.021727445180448373,0.6390888937560891,3
CUST0352,44,Male,67301,-0.029343787365229964,270.65,North,2024-08-11,0.0553010354848624,-0.8191362408380277,2
CUST0353,60,Male,137937,-0.3142349268334827,196.06,South,2024-02-02,-0.4395566931289193,1.0253736976220804,0
CUST0354,41,Female,53490,-0.5991260663017355,378.66,East,2023-12-19,-0.02870790707005024,1.4599441019713204,0
CUST0355,43,Female,118536,1.6800030494442866,331.15,South,2023-12-26,1.8621161014723167,1.392344261294772,1
CUST0356,37,Male,90592,1.53755747971016,454.76,North,2024-03-21,2.827796051247321,0.5618319329828909,1
CUST0357,58,Male,147381,0.9677752007736546,288.65,East,2024-06-12,0.9151317167551805,-0.23970903503904087,1
CUST0358,51,Male,121586,-0.45668049656760906,224.04,South,2024-08-01,-0.41812003453079594,-0.7225650398715299,2
CUST0359,30,Male,48282,-1.4537994847064937,75.05,East,2024-03-14,-1.1355945409033534,0.6294317736594394,0
CUST0360,29,Male,125471,-0.029343787365229964,292.9,East,2024-05-13,0.15794787633312196,0.050004567860452535,3
CUST0361,47,Male,37186,0.25554735210302276,216.22,East,2024-08-15,-0.02955368628303226,-0.8577647212246269,2
CUST0362,48,Female,89135,0.25554735210302276,366.99,East,2024-03-26,0.7819253351614969,0.513546332499642,3
CUST0363,49,Female,66522,0.8253296310395283,148.09,East,2024-10-08,-0.16851521097596073,-1.379249206443715,2
CUST0364,46,Female,49435,-1.168908345238241,393.12,West,2024-01-18,-0.5887675241028013,1.170230499071827,0
CUST0365,55,Female,84036,-1.3113539149723672,65.48,North,2024-08-25,-1.11777935511718,-0.9543359221911246,2
CUST0366,33,Male,103130,-0.5991260663017355,151.47,East,2023-11-29,-0.7274445594240904,1.653086503904316,0
CUST0367,38,Male,94207,1.3951119099760338,80.73,East,2024-04-22,-0.5105021912942295,0.25280408989009795,3
CUST0368,39,Female,65213,0.25554735210302276,223.83,North,2024-10-30,0.011405094331100957,-1.5917058485700102,2
CUST0369,38,Male,143318,-0.8840172057699882,99.09,South,2024-06-30,-0.9647317620771345,-0.4135371967787369,2
CUST0370,53,Female,136394,-1.5962450544406201,333.2,South,2024-01-21,-1.0652026436774498,1.1412591387818778,0
CUST0371,64,Male,76970,1.2526663402419074,45.25,West,2024-03-30,-0.8279807966908632,0.4749178521130429,3
CUST0372,64,Male,36210,-1.4537994847064937,252.56,South,2024-02-07,-0.9991088426338812,0.9770880971388315,0
CUST0373,63,Female,48752,0.3979929218371491,25.43,West,2024-07-26,-1.046653167756369,-0.6646223192916312,2
CUST0374,48,Female,146506,-0.8840172057699882,377.93,South,2024-04-05,-0.3215397373101975,0.4169751315331442,0
CUST0375,38,Female,70354,1.1102207705077811,54.41,North,2024-05-13,-0.7749465955859292,0.050004567860452535,3
CUST0376,38,Female,92448,1.1102207705077811,253.74,North,2024-05-24,0.7576822273566609,-0.05622375320269505,1
CUST0377,51,Male,127038,-1.168908345238241,117.53,South,2024-07-27,-1.0125644210222298,-0.674279439388281,2
CUST0378,20,Male,68855,0.25554735210302276,82.13,North,2024-08-17,-0.7512570887204995,-0.8770789614179264,2
CUST0379,51,Male,75874,0.6828840613054019,159.35,East,2024-05-06,-0.15185720493118515,0.117604408537001,3
CUST0380,51,Female,113781,0.5404384915712755,221.84,North,2024-01-18,0.17126505448661894,1.170230499071827,3
CUST0381,52,Female,40709,1.2526663402419074,51.32,West,2024-07-10,-0.7789755802004975,-0.5101083977452348,3
CUST0382,30,Female,28113,-0.7415716360358618,153.94,North,2024-07-24,-0.779029402514051,-0.6453080790983317,2
CUST0383,62,Female,140676,-0.8840172057699882,337.4,East,2024-06-16,-0.41502909595244375,-0.27833751542564,2
CUST0384,36,Male,66593,-1.3113539149723672,87.85,East,2024-02-27,-1.0919792446702634,0.7839456952058359,0
CUST0385,64,Female,88487,-0.5991260663017355,362.2,West,2024-01-04,-0.079331637417986,1.305430180424924,0
CUST0386,31,Female,129144,-0.3142349268334827,125.92,West,2024-07-31,-0.7092064840314258,-0.7129079197748801,2
CUST0387,20,Male,126668,0.9677752007736546,310.47,South,2024-09-22,1.074514964990654,-1.2247352848973185,1
CUST0388,55,Male,97758,-0.8840172057699882,180.28,North,2024-09-03,-0.7774531776171301,-1.0412500030609726,2
CUST0389,49,Male,59225,-0.5991260663017355,492.65,South,2024-10-03,0.32187526561288915,-1.3309636059604661,2
CUST0390,35,Female,72589,0.6828840613054019,229.81,East,2024-06-25,0.3086388209297222,-0.36525159629548803,3
CUST0391,41,Female,129863,-1.5962450544406201,185.3,South,2024-09-25,-1.1220620734956428,-1.2537066451872678,2
CUST0392,35,Male,60404,-1.5962450544406201,150.54,West,2023-12-16,-1.1354253850607572,1.48891546226127,0
CUST0393,51,Male,96237,-0.8840172057699882,189.33,East,2023-11-24,-0.7565778088603492,1.701372104387565,0
CUST0394,28,Male,75124,-1.168908345238241,42.26,West,2024-06-15,-1.1283131507697728,-0.26868039532899024,0
CUST0395,33,Female,28706,1.6800030494442866,62.38,East,2024-09-15,-0.6177393065984,-1.15713544422077,3
CUST0396,33,Male,104119,1.53755747971016,301.03,West,2024-01-31,1.4684789223976293,1.04468793781538,1
CUST0397,34,Male,134488,1.6800030494442866,229.0,East,2023-12-30,0.9196105021330163,1.353715780908173,3
CUST0398,56,Female,121390,-1.3113539149723672,436.11,South,2023-11-25,-0.6903186964251525,1.6917149842909152,0
CUST0399,44,Male,143173,-1.4537994847064937,329.38,West,2024-11-01,-0.9400426979599987,-1.6110200887633097,2
CUST0400,20,Male,131997,1.53755747971016,84.63,North,2024-06-10,-0.4449812134449079,-0.22039479484574132,3
CUST0401,24,Male,63341,0.8253296310395283,308.51,East,2024-11-06,0.94159307276861,-1.6593056892465585,1
CUST0402,51,Female,81918,1.53755747971016,337.13,East,2023-12-17,1.7876836862789398,1.4792583421646202,1
CUST0403,23,Female,22712,0.25554735210302276,313.27,South,2024-10-08,0.4927918667526615,-1.379249206443715,2
CUST0404,26,Male,122162,0.11310178236889641,155.79,West,2024-04-30,-0.41469462871821916,0.17554712911689968,3
CUST0405,47,Female,109830,1.1102207705077811,201.52,West,2023-12-21,0.35616776824833773,1.4406298617780209,3
CUST0406,37,Female,140369,0.5404384915712755,147.52,South,2024-03-13,-0.28588629903204166,0.6390888937560891,3
CUST0407,43,Female,131993,-0.5991260663017355,403.54,East,2024-07-03,0.047812044999004356,-0.44250855706868625,2
CUST0408,33,Male,48836,1.6800030494442866,41.15,West,2024-01-12,-0.8136217723250113,1.2281732196517259,3
CUST0409,53,Male,63030,-1.3113539149723672,137.06,South,2024-02-02,-1.035223615028209,1.0253736976220804,0
CUST0410,50,Male,97754,-0.5991260663017355,24.25,West,2024-08-03,-1.1187174011533962,-0.7418792800648295,2
CUST0411,36,Female,59995,-1.3113539149723672,180.48,West,2024-11-17,-0.9851457967177434,-1.7655340103097061,2
CUST0412,59,Female,61521,1.1102207705077811,91.81,South,2024-03-14,-0.4873816631720784,0.6294317736594394,3
CUST0413,44,Male,135220,-0.17178935709935633,73.52,West,2024-03-09,-0.8823913112423769,0.6777173741426883,0
CUST0414,44,Male,22139,-1.168908345238241,408.61,West,2024-08-24,-0.5649473059044561,-0.9446788020944749,2
CUST0415,28,Female,81232,1.1102207705077811,295.73,North,2023-12-05,1.0805392196576662,1.5951437833244175,3
CUST0416,26,Male,101519,-0.029343787365229964,48.49,North,2024-01-21,-0.9695988370027485,1.1412591387818778,0
CUST0417,46,Male,91141,-1.5962450544406201,396.44,North,2024-03-01,-1.0408903357551877,0.7549743349158865,0
CUST0418,50,Female,86052,0.8253296310395283,197.52,South,2023-12-09,0.17354096945973393,1.5565153029378183,3
CUST0419,25,Male,28761,0.8253296310395283,355.42,North,2024-07-08,1.2662108236130047,-0.4907941575519352,1
CUST0420,41,Male,80763,0.5404384915712755,492.81,East,2024-11-05,1.8380344606081405,-1.6496485691499088,1
CUST0421,22,Female,73270,-1.3113539149723672,401.24,North,2024-07-18,-0.7305354980024424,-0.587365358518433,2
CUST0422,40,Female,149457,-0.3142349268334827,32.19,South,2024-05-13,-1.0695468732714022,0.050004567860452535,0
CUST0423,32,Male,87682,1.53755747971016,25.21,West,2024-09-17,-0.970386949451209,-1.1764496844140695,2
CUST0424,53,Female,118290,-1.0264627755041145,21.09,North,2024-05-30,-1.1527600144759182,-0.11416647378259373,0
CUST0425,38,Male,46322,-0.3142349268334827,160.21,West,2024-06-15,-0.5773802603352903,-0.26868039532899024,2
CUST0426,55,Male,37901,-0.029343787365229964,393.42,North,2024-04-08,0.6216809299091691,0.38800377124319485,3
CUST0427,21,Male,117380,-1.4537994847064937,357.07,South,2024-07-21,-0.9187521284986632,-0.6163367188083824,2
CUST0428,32,Male,51784,-0.029343787365229964,182.52,East,2024-10-25,-0.35127272109748,-1.5434202480867614,2
CUST0429,55,Female,41016,-0.7415716360358618,121.61,South,2024-06-21,-0.8660331723731132,-0.32662311590888893,2
CUST0430,32,Female,50059,-0.3142349268334827,266.13,North,2024-06-26,-0.17017601379417965,-0.3749087163921378,2
CUST0431,62,Female,94856,0.25554735210302276,363.11,North,2024-03-26,0.7610422775027799,0.513546332499642,3
CUST0432,52,Female,103951,1.6800030494442866,34.08,East,2024-01-07,-0.8788544163517253,1.2764588201349747,3
CUST0433,39,Female,75568,1.3951119099760338,198.93,West,2024-08-13,0.4892088384503928,-0.8384504810313272,1
CUST0434,32,Female,46438,-0.45668049656760906,145.89,South,2024-10-29,-0.6885194933720818,-1.5820487284733604,2
CUST0435,48,Male,148880,0.6828840613054019,389.29,East,2024-07-09,1.3509309895970159,-0.500451277648585,1
CUST0436,35,Female,38413,-1.3113539149723672,415.6,South,2024-04-08,-0.7139736032318694,0.38800377124319485,0
CUST0437,56,Female,25891,-1.168908345238241,331.05,West,2024-09-10,-0.6842175527387784,-1.1088498437375212,2
CUST0438,28,Male,31074,-0.7415716360358618,225.28,South,2023-12-14,-0.5870452100690927,1.5082297024545694,0
CUST0439,41,Male,42337,0.11310178236889641,97.08,North,2024-05-09,-0.7081146599564856,0.08863304824705166,3
CUST0440,19,Male,69724,1.53755747971016,344.75,East,2023-12-28,1.8550615339458536,1.3730300211014725,1
CUST0441,46,Female,123344,1.53755747971016,437.72,North,2023-11-26,2.677124328905561,1.6820578641942654,1
CUST0442,28,Female,119820,-1.4537994847064937,334.79,North,2024-10-09,-0.9358830020125151,-1.3889063265403647,2
CUST0443,29,Female,91103,-1.168908345238241,246.33,West,2024-07-05,-0.8144983071457379,-0.46182279726198583,2
CUST0444,19,Female,116905,-0.17178935709935633,48.25,South,2024-04-13,-0.9892555148026418,0.339718170759946,0
CUST0445,36,Male,51714,-1.0264627755041145,271.53,West,2024-08-11,-0.6713578642504852,-0.8191362408380277,2
CUST0446,52,Male,37289,0.3979929218371491,469.79,South,2024-03-14,1.5158271805207444,0.6294317736594394,1
CUST0447,29,Male,109419,-0.029343787365229964,387.56,West,2023-11-22,0.5946467507014928,1.7206863445808647,3
CUST0448,64,Female,99955,-1.168908345238241,296.51,South,2024-06-03,-0.7373324873140427,-0.15279495416919286,0
CUST0449,28,Female,109545,-1.4537994847064937,464.31,North,2024-10-26,-0.8362963441348628,-1.5530773681834111,2
CUST0450,54,Female,113904,1.1102207705077811,217.19,West,2024-05-31,0.4766528615885795,-0.12382359387924351,3
CUST0451,24,Female,38929,-0.8840172057699882,282.78,West,2024-09-19,-0.5410194430790042,-1.1957639246073692,2
CUST0452,21,Male,132643,-0.45668049656760906,293.42,South,2024-03-11,-0.17806482718072003,0.6584031339493888,0
CUST0453,52,Female,117948,-1.0264627755041145,275.29,West,2024-05-09,-0.664130296430458,0.08863304824705166,0
CUST0454,39,Male,129103,1.2526663402419074,470.8,West,2024-04-14,2.607632033206192,0.33006105066329616,1
CUST0455,34,Female,79552,1.2526663402419074,496.92,North,2024-03-02,2.818507857708392,0.7453172148192367,1
CUST0456,57,Female,45905,-1.4537994847064937,339.81,East,2024-08-09,-0.9320231732405431,-0.7998220006447282,2
CUST0457,36,Male,136176,0.9677752007736546,288.66,North,2024-06-12,0.9152047613235742,-0.23970903503904087,1
CUST0458,39,Female,117331,-0.8840172057699882,396.22,South,2024-06-27,-0.27935073238627234,-0.3845658364887876,2
CUST0459,41,Male,136483,-0.3142349268334827,169.79,North,2024-10-10,-0.540550420060896,-1.3985634466370145,2
CUST0460,37,Male,57251,0.5404384915712755,437.15,South,2023-12-24,1.4956630351930615,1.4116585014880716,3
CUST0461,25,Male,148686,-1.0264627755041145,337.78,South,2024-01-12,-0.5440104259321856,1.2281732196517259,0
CUST0462,34,Male,108509,-1.4537994847064937,488.93,North,2024-05-14,-0.8173662675679402,0.04034744776380276,0
CUST0463,21,Male,49465,-0.8840172057699882,50.22,West,2024-06-26,-1.0774587533637512,-0.3749087163921378,2
CUST0464,56,Male,87776,0.5404384915712755,112.86,South,2024-06-18,-0.49908417191897364,-0.2976517556189396,3
CUST0465,45,Male,94622,-0.7415716360358618,356.37,South,2023-11-24,-0.23426685588336824,1.701372104387565,0
CUST0466,50,Female,63976,0.11310178236889641,472.02,East,2024-01-04,1.165755319816562,1.305430180424924,3
CUST0467,41,Female,85266,1.3951119099760338,286.3,South,2024-05-28,1.228166136832691,-0.09485223358929418,1
CUST0468,52,Female,147176,-1.0264627755041145,240.28,West,2023-12-25,-0.7314274106270415,1.4020013813914218,0
CUST0469,43,Male,32755,0.3979929218371491,116.62,South,2024-02-17,-0.5207899420848641,0.8805168961723336,3
CUST0470,34,Female,24268,-0.7415716360358618,498.03,West,2024-05-03,0.14695659101532513,0.14657576882695034,0
CUST0471,36,Male,93499,-1.3113539149723672,196.55,South,2024-06-18,-0.9666116986005351,-0.2976517556189396,0
CUST0472,37,Male,72219,-1.4537994847064937,460.54,West,2024-01-06,-0.8391950601648098,1.2861159402316245,0
CUST0473,50,Female,51525,0.11310178236889641,359.06,West,2024-05-28,0.6012053840530704,-0.09485223358929418,3
CUST0474,42,Female,57498,0.9677752007736546,84.42,East,2024-04-16,-0.5766575035532876,0.31074681046999664,3
CUST0475,58,Male,22032,1.6800030494442866,65.03,East,2024-03-14,-0.5932885984412865,0.6294317736594394,3
CUST0476,26,Female,47173,-0.8840172057699882,404.72,West,2024-05-23,-0.2597440324489643,-0.046566633106045266,0
CUST0477,40,Male,137183,1.53755747971016,255.52,South,2023-12-15,1.066068706213739,1.4985725823579197,3
CUST0478,29,Female,57730,1.3951119099760338,280.01,East,2024-04-01,1.1749666243361288,0.4556036119197433,1
CUST0479,26,Female,43487,0.11310178236889641,395.81,West,2024-10-07,0.7848740290540293,-1.3695920863470652,2
CUST0480,42,Male,99373,-1.3113539149723672,193.35,South,2024-09-01,-0.9703023715299107,-1.021935762867673,2
CUST0481,58,Female,38589,1.3951119099760338,465.02,West,2024-07-31,2.7397427462739676,-0.7129079197748801,1
CUST0482,44,Female,145998,1.2526663402419074,163.96,North,2024-07-10,0.13040622959765624,-0.5101083977452348,3
CUST0483,34,Female,45156,0.25554735210302276,443.58,North,2024-02-04,1.1941504346669456,1.006059457428781,3
CUST0484,46,Female,113331,0.9677752007736546,171.57,East,2024-06-27,0.05992590999948613,-0.3845658364887876,3
CUST0485,44,Male,84353,0.11310178236889641,369.43,West,2024-03-03,0.6530324275540215,0.735660094722587,3
CUST0486,48,Female,146908,1.3951119099760338,400.93,South,2024-05-24,2.1976828486738587,-0.05622375320269505,1
CUST0487,19,Male,120124,1.53755747971016,463.23,South,2024-11-16,2.9026898005568698,-1.7558768902130564,1
CUST0488,45,Male,98095,0.8253296310395283,318.52,West,2024-05-30,1.0108623903118286,-0.11416647378259373,1
CUST0489,20,Female,43467,-0.17178935709935633,28.84,East,2024-03-13,-1.0713383874225366,0.6390888937560891,0
CUST0490,42,Female,73387,-0.17178935709935633,374.61,East,2024-07-02,0.3908870049412453,-0.4328514369720365,2
CUST0491,31,Female,127293,-0.029343787365229964,46.51,South,2024-07-03,-0.9787332525029533,-0.44250855706868625,2
CUST0492,31,Male,47995,0.11310178236889641,293.86,West,2024-09-04,0.2753497199969477,-1.0509071231576224,2
CUST0493,43,Male,38757,-1.3113539149723672,395.87,North,2024-01-15,-0.736728908512051,1.1992018593617764,0
CUST0494,58,Female,70147,-0.029343787365229964,498.25,South,2023-12-05,1.1052974838922274,1.5951437833244175,3
CUST0495,24,Male,80470,1.2526663402419074,28.32,East,2023-12-17,-0.9646625619597086,1.4792583421646202,3
CUST0496,57,Male,100042,-0.7415716360358618,147.38,South,2024-07-08,-0.7966831213595644,-0.4907941575519352,2
CUST0497,55,Female,147076,-1.4537994847064937,324.28,West,2023-11-28,-0.9439640379474604,1.6627436240009659,0
CUST0498,35,Male,27345,-1.4537994847064937,333.92,East,2024-10-16,-0.9365519364809642,-1.4565061672169133,2
CUST0499,24,Female,51097,-1.168908345238241,341.24,West,2024-09-19,-0.6685475705928043,-1.1957639246073692,2
CUST0500,56,Female,75615,-0.17178935709935633,108.2,North,2024-07-07,-0.7357331957113131,-0.4811370374552854,2
